step,actic loss,critic loss,average distance,time
10,-76.9860,26.9470,5.2358,0min0sec
20,-60.3997,20.4147,5.2257,0min0sec
30,-24.6511,17.9325,5.2149,0min0sec
40,-19.7964,13.8540,5.2108,0min0sec
50,-15.3918,11.3139,5.2114,0min0sec
60,-12.9241,9.5860,5.2074,0min0sec
70,-11.0924,8.3375,5.1677,0min0sec
80,-9.7545,7.3784,5.0606,0min0sec
90,-8.6800,6.6309,4.9672,0min0sec
100,-7.8189,6.0303,4.8906,0min0sec
110,-7.1160,5.5381,4.8291,0min0sec
120,-6.5270,5.1255,4.7757,0min0sec
130,-6.0285,4.7769,4.7309,0min0sec
140,-5.6009,4.4793,4.6935,0min0sec
150,-5.2284,4.2203,4.6597,0min0sec
160,-4.9037,3.9963,4.6307,0min0sec
170,-4.6106,3.7986,4.6060,0min0sec
180,-4.3519,3.6233,4.5835,0min0sec
190,-4.1256,3.4651,4.5644,0min0sec
200,-3.9207,3.3223,4.5464,0min0sec
210,-3.7330,3.1930,4.5300,0min0sec
220,-3.5650,3.0775,4.5155,0min0sec
230,-3.4077,2.9712,4.5035,0min0sec
240,-3.2652,2.8721,4.4904,0min0sec
250,-3.1341,2.7812,4.4781,0min0sec
260,-3.0156,2.6966,4.4672,0min0sec
270,-2.9020,2.6183,4.4577,0min0sec
280,-2.7974,2.5462,4.4487,0min0sec
290,-2.7017,2.4780,4.4400,0min0sec
300,-2.6128,2.4145,4.4313,0min0sec
310,-2.5269,2.3556,4.4233,0min0sec
320,-2.4475,2.3003,4.4157,0min0sec
330,-2.3730,2.2479,4.4094,0min0sec
340,-2.3021,2.1990,4.4034,0min0sec
350,-2.2361,2.1529,4.3976,0min0sec
360,-2.1723,2.1092,4.3917,0min0sec
370,-2.1162,2.0686,4.3860,0min0sec
380,-2.0598,2.0295,4.3806,0min0sec
390,-2.0058,1.9921,4.3750,0min0sec
400,-1.9556,1.9563,4.3699,0min0sec
410,-1.9085,1.9214,4.3651,0min0sec
420,-1.8626,1.8890,4.3612,0min0sec
430,-1.8191,1.8583,4.3569,0min0sec
440,-1.7780,1.8292,4.3532,0min0sec
450,-1.7371,1.8019,4.3498,0min0sec
460,-1.7000,1.7757,4.3466,0min0sec
470,-1.6622,1.7505,4.3434,0min0sec
480,-1.6275,1.7257,4.3402,0min0sec
490,-1.5930,1.7023,4.3369,0min0sec
500,-1.5618,1.6798,4.3337,0min0sec
510,-1.5321,1.6582,4.3309,0min0sec
520,-1.5007,1.6379,4.3282,0min0sec
530,-1.4735,1.6178,4.3251,0min0sec
540,-1.4461,1.5980,4.3222,0min0sec
550,-1.4191,1.5790,4.3196,0min0sec
560,-1.3940,1.5602,4.3169,0min0sec
570,-1.3693,1.5415,4.3145,0min0sec
580,-1.3453,1.5228,4.3122,0min0sec
590,-1.3217,1.5049,4.3099,0min0sec
600,-1.3013,1.4874,4.3080,0min0sec
610,-1.2803,1.4703,4.3061,0min0sec
620,-1.2597,1.4546,4.3042,0min0sec
630,-1.2389,1.4391,4.3023,0min0sec
640,-1.2189,1.4234,4.3002,0min0sec
650,-1.2004,1.4084,4.2984,0min0sec
660,-1.1823,1.3938,4.2963,0min0sec
670,-1.1648,1.3799,4.2946,0min0sec
680,-1.1476,1.3658,4.2928,0min0sec
690,-1.1304,1.3532,4.2910,0min0sec
700,-1.1129,1.3406,4.2895,0min0sec
710,-1.0969,1.3279,4.2883,0min0sec
720,-1.0820,1.3154,4.2868,0min0sec
730,-1.0664,1.3029,4.2852,0min0sec
740,-1.0519,1.2902,4.2838,0min0sec
750,-1.0376,1.2780,4.2822,0min0sec
760,-1.0225,1.2668,4.2808,0min0sec
770,-1.0105,1.2560,4.2797,0min0sec
780,-0.9982,1.2452,4.2781,0min0sec
790,-0.9864,1.2345,4.2766,0min0sec
800,-0.9735,1.2237,4.2750,0min0sec
810,-0.9615,1.2129,4.2733,0min0sec
820,-0.9498,1.2026,4.2717,0min0sec
830,-0.9383,1.1924,4.2700,0min0sec
840,-0.9278,1.1830,4.2682,0min0sec
850,-0.9158,1.1744,4.2658,0min0sec
860,-0.9059,1.1653,4.2631,0min0sec
870,-0.8955,1.1561,4.2596,0min0sec
880,-0.8856,1.1472,4.2557,0min0sec
890,-0.8759,1.1386,4.2519,0min0sec
900,-0.8672,1.1301,4.2479,0min0sec
910,-0.8579,1.1217,4.2439,0min0sec
920,-0.8493,1.1134,4.2395,0min0sec
930,-0.8407,1.1055,4.2352,0min0sec
940,-0.8325,1.0978,4.2309,0min0sec
950,-0.8241,1.0898,4.2264,0min0sec
960,-0.8156,1.0823,4.2225,0min0sec
970,-0.8078,1.0749,4.2180,0min0sec
980,-0.7998,1.0674,4.2134,0min0sec
990,-0.7921,1.0602,4.2083,0min0sec
1000,-0.7846,1.0528,4.2033,0min0sec
1010,-0.7775,1.0455,4.1978,0min0sec
1020,-0.7713,1.0382,4.1921,0min0sec
1030,-0.7632,1.0311,4.1864,0min0sec
1040,-0.7559,1.0241,4.1803,0min0sec
1050,-0.7498,1.0169,4.1739,0min0sec
1060,-0.7431,1.0097,4.1673,0min0sec
1070,-0.7370,1.0023,4.1599,0min0sec
1080,-0.7306,0.9947,4.1517,0min0sec
1090,-0.7245,0.9870,4.1431,0min0sec
1100,-0.7190,0.9795,4.1342,0min0sec
1110,-0.7130,0.9721,4.1251,0min0sec
1120,-0.7074,0.9647,4.1160,0min0sec
1130,-0.7019,0.9574,4.1071,0min0sec
1140,-0.6964,0.9502,4.0983,0min0sec
1150,-0.6911,0.9432,4.0896,0min0sec
1160,-0.6858,0.9362,4.0809,0min0sec
1170,-0.6807,0.9294,4.0724,0min0sec
1180,-0.6755,0.9226,4.0639,0min0sec
1190,-0.6702,0.9159,4.0555,0min0sec
1200,-0.6653,0.9093,4.0470,0min0sec
1210,-0.6600,0.9028,4.0387,0min0sec
1220,-0.6552,0.8964,4.0305,0min0sec
1230,-0.6504,0.8902,4.0225,0min0sec
1240,-0.6455,0.8839,4.0144,0min0sec
1250,-0.6406,0.8778,4.0066,0min0sec
1260,-0.6359,0.8718,3.9989,0min0sec
1270,-0.6314,0.8659,3.9913,0min0sec
1280,-0.6267,0.8601,3.9839,0min0sec
1290,-0.6221,0.8544,3.9765,0min0sec
1300,-0.6177,0.8488,3.9693,0min0sec
1310,-0.6135,0.8432,3.9621,0min0sec
1320,-0.6092,0.8377,3.9551,0min0sec
1330,-0.6051,0.8323,3.9482,0min0sec
1340,-0.6009,0.8270,3.9411,0min0sec
1350,-0.5968,0.8217,3.9342,0min0sec
1360,-0.5927,0.8165,3.9275,0min0sec
1370,-0.5887,0.8114,3.9209,0min0sec
1380,-0.5848,0.8064,3.9145,0min0sec
1390,-0.5808,0.8014,3.9082,0min0sec
1400,-0.5769,0.7966,3.9019,0min0sec
1410,-0.5730,0.7917,3.8956,0min0sec
1420,-0.5692,0.7870,3.8895,0min0sec
1430,-0.5656,0.7823,3.8833,0min0sec
1440,-0.5619,0.7776,3.8773,0min0sec
1450,-0.5583,0.7731,3.8713,0min0sec
1460,-0.5547,0.7685,3.8654,0min0sec
1470,-0.5510,0.7641,3.8595,0min0sec
1480,-0.5476,0.7597,3.8537,0min0sec
1490,-0.5440,0.7554,3.8481,0min0sec
1500,-0.5407,0.7511,3.8425,0min0sec
1510,-0.5372,0.7469,3.8370,0min0sec
1520,-0.5338,0.7428,3.8316,0min0sec
1530,-0.5306,0.7386,3.8263,0min0sec
1540,-0.5273,0.7345,3.8209,0min0sec
1550,-0.5241,0.7304,3.8156,0min0sec
1560,-0.5210,0.7264,3.8104,0min0sec
1570,-0.5179,0.7225,3.8051,0min0sec
1580,-0.5147,0.7186,3.8001,0min0sec
1590,-0.5117,0.7149,3.7952,0min0sec
1600,-0.5087,0.7111,3.7904,0min0sec
1610,-0.5058,0.7074,3.7855,0min0sec
1620,-0.5029,0.7037,3.7806,0min0sec
1630,-0.4999,0.7000,3.7757,0min0sec
1640,-0.4971,0.6964,3.7710,0min0sec
1650,-0.4943,0.6929,3.7665,0min0sec
1660,-0.4916,0.6894,3.7618,0min0sec
1670,-0.4888,0.6859,3.7573,0min0sec
1680,-0.4861,0.6824,3.7527,0min0sec
1690,-0.4834,0.6790,3.7482,0min0sec
1700,-0.4807,0.6756,3.7437,0min0sec
1710,-0.4779,0.6722,3.7393,0min0sec
1720,-0.4754,0.6689,3.7350,0min0sec
1730,-0.4728,0.6657,3.7307,0min0sec
1740,-0.4702,0.6624,3.7265,0min0sec
1750,-0.4677,0.6592,3.7223,0min0sec
1760,-0.4653,0.6560,3.7183,0min0sec
1770,-0.4628,0.6528,3.7142,0min0sec
1780,-0.4602,0.6497,3.7101,0min0sec
1790,-0.4577,0.6466,3.7060,0min0sec
1800,-0.4553,0.6435,3.7019,0min0sec
1810,-0.4529,0.6404,3.6980,0min0sec
1820,-0.4506,0.6374,3.6940,0min0sec
1830,-0.4483,0.6344,3.6902,0min0sec
1840,-0.4460,0.6314,3.6864,0min0sec
1850,-0.4436,0.6285,3.6827,0min0sec
1860,-0.4414,0.6256,3.6789,0min0sec
1870,-0.4392,0.6226,3.6752,0min0sec
1880,-0.4370,0.6198,3.6716,0min0sec
1890,-0.4348,0.6169,3.6680,0min0sec
1900,-0.4325,0.6142,3.6643,0min0sec
1910,-0.4305,0.6114,3.6607,0min0sec
1920,-0.4284,0.6087,3.6572,0min0sec
1930,-0.4263,0.6059,3.6536,0min0sec
1940,-0.4242,0.6032,3.6502,0min0sec
1950,-0.4221,0.6005,3.6467,0min0sec
1960,-0.4201,0.5979,3.6434,0min0sec
1970,-0.4182,0.5953,3.6402,0min0sec
1980,-0.4162,0.5927,3.6369,0min0sec
1990,-0.4143,0.5901,3.6336,0min0sec
2000,-0.4123,0.5875,3.6304,0min0sec
2010,-0.4104,0.5850,3.6272,0min0sec
2020,-0.4085,0.5825,3.6240,0min0sec
2030,-0.4066,0.5799,3.6209,0min0sec
2040,-0.4047,0.5775,3.6178,0min0sec
2050,-0.4028,0.5750,3.6146,0min0sec
2060,-0.4010,0.5726,3.6116,0min0sec
2070,-0.3991,0.5702,3.6085,0min0sec
2080,-0.3973,0.5678,3.6056,0min0sec
2090,-0.3956,0.5655,3.6027,0min0sec
2100,-0.3938,0.5631,3.5997,0min0sec
2110,-0.3920,0.5608,3.5967,0min0sec
2120,-0.3902,0.5584,3.5937,0min0sec
2130,-0.3885,0.5561,3.5908,0min0sec
2140,-0.3868,0.5539,3.5880,0min0sec
2150,-0.3851,0.5516,3.5851,0min0sec
2160,-0.3834,0.5494,3.5823,0min0sec
2170,-0.3817,0.5472,3.5795,0min0sec
2180,-0.3801,0.5450,3.5767,0min0sec
2190,-0.3784,0.5428,3.5740,0min0sec
2200,-0.3768,0.5407,3.5713,0min0sec
2210,-0.3752,0.5386,3.5686,0min0sec
2220,-0.3736,0.5365,3.5659,0min0sec
2230,-0.3721,0.5344,3.5633,0min0sec
2240,-0.3705,0.5323,3.5606,0min0sec
2250,-0.3690,0.5302,3.5581,0min0sec
2260,-0.3674,0.5282,3.5555,0min0sec
2270,-0.3658,0.5262,3.5530,0min0sec
2280,-0.3643,0.5242,3.5504,0min0sec
2290,-0.3628,0.5222,3.5479,0min0sec
2300,-0.3614,0.5202,3.5454,0min0sec
2310,-0.3599,0.5183,3.5430,0min0sec
2320,-0.3584,0.5163,3.5405,0min0sec
2330,-0.3570,0.5144,3.5381,0min0sec
2340,-0.3555,0.5125,3.5357,0min0sec
2350,-0.3541,0.5106,3.5334,0min0sec
2360,-0.3527,0.5087,3.5309,0min0sec
2370,-0.3513,0.5068,3.5285,0min0sec
2380,-0.3498,0.5050,3.5262,0min0sec
2390,-0.3485,0.5031,3.5238,0min0sec
2400,-0.3471,0.5013,3.5216,0min0sec
2410,-0.3457,0.4994,3.5193,0min0sec
2420,-0.3444,0.4976,3.5170,0min0sec
2430,-0.3431,0.4958,3.5148,0min0sec
2440,-0.3418,0.4941,3.5126,0min0sec
2450,-0.3405,0.4924,3.5103,0min0sec
2460,-0.3392,0.4906,3.5081,0min0sec
2470,-0.3379,0.4888,3.5059,0min0sec
2480,-0.3366,0.4871,3.5038,0min0sec
2490,-0.3353,0.4854,3.5017,0min0sec
2500,-0.3341,0.4837,3.4996,0min0sec
2510,-0.3328,0.4820,3.4975,0min0sec
2520,-0.3316,0.4803,3.4954,0min0sec
2530,-0.3304,0.4787,3.4934,0min0sec
2540,-0.3292,0.4770,3.4913,0min0sec
2550,-0.3280,0.4754,3.4892,0min0sec
2560,-0.3267,0.4737,3.4872,0min0sec
2570,-0.3255,0.4721,3.4851,0min0sec
2580,-0.3243,0.4705,3.4831,0min0sec
2590,-0.3231,0.4689,3.4811,0min0sec
2600,-0.3220,0.4673,3.4791,0min0sec
2610,-0.3208,0.4658,3.4772,0min0sec
2620,-0.3196,0.4643,3.4752,0min0sec
2630,-0.3185,0.4627,3.4733,0min0sec
2640,-0.3173,0.4612,3.4713,0min0sec
2650,-0.3162,0.4596,3.4694,0min0sec
2660,-0.3151,0.4581,3.4675,0min0sec
2670,-0.3140,0.4566,3.4656,0min0sec
2680,-0.3129,0.4551,3.4638,0min0sec
2690,-0.3118,0.4536,3.4619,0min0sec
2700,-0.3107,0.4521,3.4600,0min0sec
2710,-0.3097,0.4506,3.4582,0min0sec
2720,-0.3086,0.4492,3.4563,0min0sec
2730,-0.3075,0.4477,3.4545,0min0sec
2740,-0.3065,0.4463,3.4527,0min0sec
2750,-0.3054,0.4448,3.4508,0min0sec
2760,-0.3044,0.4434,3.4491,0min0sec
2770,-0.3033,0.4419,3.4472,0min0sec
2780,-0.3023,0.4405,3.4455,0min0sec
2790,-0.3013,0.4391,3.4437,0min0sec
2800,-0.3003,0.4378,3.4420,0min0sec
2810,-0.2993,0.4364,3.4403,0min0sec
2820,-0.2983,0.4350,3.4386,0min0sec
2830,-0.2973,0.4337,3.4369,0min0sec
2840,-0.2963,0.4323,3.4352,0min0sec
2850,-0.2954,0.4310,3.4335,0min0sec
2860,-0.2944,0.4297,3.4319,0min0sec
2870,-0.2935,0.4284,3.4302,0min0sec
2880,-0.2925,0.4270,3.4285,0min0sec
2890,-0.2916,0.4257,3.4269,0min0sec
2900,-0.2907,0.4244,3.4253,0min0sec
2910,-0.2897,0.4231,3.4237,0min0sec
2920,-0.2888,0.4218,3.4221,0min0sec
2930,-0.2879,0.4206,3.4205,0min0sec
2940,-0.2870,0.4193,3.4190,0min0sec
2950,-0.2861,0.4181,3.4174,0min0sec
2960,-0.2852,0.4168,3.4159,0min0sec
2970,-0.2843,0.4156,3.4143,0min0sec
2980,-0.2834,0.4144,3.4128,0min0sec
2990,-0.2825,0.4131,3.4113,0min0sec
3000,-0.2816,0.4119,3.4098,0min0sec
3010,-0.2808,0.4107,3.4083,0min0sec
3020,-0.2799,0.4095,3.4068,0min0sec
3030,-0.2790,0.4083,3.4054,0min0sec
3040,-0.2782,0.4071,3.4039,0min0sec
3050,-0.2773,0.4059,3.4024,0min0sec
3060,-0.2765,0.4047,3.4010,0min0sec
3070,-0.2756,0.4035,3.3995,0min0sec
3080,-0.2748,0.4024,3.3981,0min0sec
3090,-0.2740,0.4012,3.3967,0min0sec
3100,-0.2732,0.4000,3.3952,0min0sec
3110,-0.2724,0.3989,3.3938,0min0sec
3120,-0.2715,0.3978,3.3924,0min0sec
3130,-0.2707,0.3966,3.3910,0min0sec
3140,-0.2699,0.3955,3.3896,0min0sec
3150,-0.2691,0.3944,3.3882,0min0sec
3160,-0.2684,0.3933,3.3868,0min0sec
3170,-0.2676,0.3922,3.3854,0min0sec
3180,-0.2668,0.3911,3.3841,0min0sec
3190,-0.2660,0.3900,3.3827,0min0sec
3200,-0.2652,0.3889,3.3813,0min0sec
3210,-0.2645,0.3878,3.3800,0min0sec
3220,-0.2637,0.3867,3.3787,0min0sec
3230,-0.2629,0.3856,3.3774,0min0sec
3240,-0.2622,0.3846,3.3760,0min0sec
3250,-0.2614,0.3835,3.3747,0min0sec
3260,-0.2607,0.3825,3.3734,0min0sec
3270,-0.2599,0.3814,3.3722,0min0sec
3280,-0.2592,0.3804,3.3709,0min0sec
3290,-0.2584,0.3793,3.3696,0min0sec
3300,-0.2577,0.3783,3.3683,0min0sec
3310,-0.2570,0.3773,3.3671,0min0sec
3320,-0.2563,0.3763,3.3658,0min0sec
3330,-0.2556,0.3753,3.3646,0min0sec
3340,-0.2549,0.3743,3.3633,0min0sec
3350,-0.2542,0.3733,3.3621,0min0sec
3360,-0.2535,0.3723,3.3610,0min0sec
3370,-0.2528,0.3713,3.3597,0min0sec
3380,-0.2521,0.3703,3.3586,0min0sec
3390,-0.2514,0.3693,3.3574,0min0sec
3400,-0.2507,0.3684,3.3562,0min0sec
3410,-0.2500,0.3674,3.3549,0min0sec
3420,-0.2493,0.3665,3.3537,0min0sec
3430,-0.2487,0.3655,3.3526,0min0sec
3440,-0.2480,0.3646,3.3514,0min0sec
3450,-0.2473,0.3637,3.3503,0min0sec
3460,-0.2467,0.3628,3.3492,0min0sec
3470,-0.2460,0.3619,3.3480,0min0sec
3480,-0.2453,0.3609,3.3469,0min0sec
3490,-0.2447,0.3600,3.3457,0min0sec
3500,-0.2440,0.3591,3.3446,0min0sec
3510,-0.2434,0.3582,3.3435,0min0sec
3520,-0.2428,0.3572,3.3424,0min0sec
3530,-0.2422,0.3563,3.3412,0min0sec
3540,-0.2416,0.3554,3.3401,0min0sec
3550,-0.2409,0.3545,3.3390,0min0sec
3560,-0.2403,0.3536,3.3379,0min0sec
3570,-0.2397,0.3528,3.3369,0min0sec
3580,-0.2391,0.3519,3.3358,0min0sec
3590,-0.2385,0.3510,3.3347,0min0sec
3600,-0.2379,0.3502,3.3337,0min0sec
3610,-0.2372,0.3493,3.3326,0min0sec
3620,-0.2367,0.3484,3.3315,0min0sec
3630,-0.2360,0.3476,3.3305,0min0sec
3640,-0.2355,0.3467,3.3294,0min0sec
3650,-0.2349,0.3458,3.3284,0min0sec
3660,-0.2343,0.3450,3.3273,0min0sec
3670,-0.2337,0.3441,3.3263,0min0sec
3680,-0.2331,0.3433,3.3252,0min0sec
3690,-0.2325,0.3425,3.3242,0min0sec
3700,-0.2319,0.3416,3.3232,0min0sec
3710,-0.2314,0.3408,3.3222,0min0sec
3720,-0.2308,0.3400,3.3212,0min0sec
3730,-0.2302,0.3392,3.3202,0min0sec
3740,-0.2297,0.3384,3.3192,0min0sec
3750,-0.2291,0.3376,3.3182,0min0sec
3760,-0.2285,0.3368,3.3173,0min0sec
3770,-0.2280,0.3360,3.3163,0min0sec
3780,-0.2274,0.3352,3.3153,0min0sec
3790,-0.2269,0.3344,3.3143,0min0sec
3800,-0.2263,0.3336,3.3133,0min0sec
3810,-0.2258,0.3328,3.3123,0min0sec
3820,-0.2252,0.3320,3.3114,0min0sec
3830,-0.2247,0.3312,3.3104,0min0sec
3840,-0.2242,0.3305,3.3095,0min0sec
3850,-0.2237,0.3297,3.3086,0min0sec
3860,-0.2231,0.3289,3.3076,0min0sec
3870,-0.2226,0.3282,3.3067,0min0sec
3880,-0.2221,0.3274,3.3057,0min0sec
3890,-0.2215,0.3266,3.3048,0min0sec
3900,-0.2210,0.3259,3.3039,0min0sec
3910,-0.2205,0.3251,3.3030,0min0sec
3920,-0.2200,0.3244,3.3021,0min0sec
3930,-0.2194,0.3237,3.3012,0min0sec
3940,-0.2189,0.3229,3.3003,0min0sec
3950,-0.2184,0.3222,3.2995,0min0sec
3960,-0.2179,0.3215,3.2986,0min0sec
3970,-0.2174,0.3208,3.2977,0min0sec
3980,-0.2168,0.3201,3.2968,0min0sec
3990,-0.2164,0.3194,3.2959,0min0sec
4000,-0.2159,0.3187,3.2951,0min0sec
4010,-0.2154,0.3180,3.2942,0min0sec
4020,-0.2149,0.3173,3.2933,0min0sec
4030,-0.2143,0.3166,3.2925,0min0sec
4040,-0.2139,0.3159,3.2916,0min0sec
4050,-0.2134,0.3152,3.2907,0min0sec
4060,-0.2129,0.3146,3.2899,0min0sec
4070,-0.2123,0.3139,3.2891,0min0sec
4080,-0.2119,0.3132,3.2883,0min0sec
4090,-0.2114,0.3126,3.2875,0min0sec
4100,-0.2109,0.3119,3.2867,0min0sec
4110,-0.2104,0.3112,3.2859,0min0sec
4120,-0.2100,0.3106,3.2851,0min0sec
4130,-0.2095,0.3099,3.2843,0min0sec
4140,-0.2090,0.3092,3.2835,0min0sec
4150,-0.2086,0.3085,3.2827,0min0sec
4160,-0.2081,0.3079,3.2818,0min0sec
4170,-0.2077,0.3072,3.2810,0min0sec
4180,-0.2072,0.3066,3.2802,0min0sec
4190,-0.2068,0.3059,3.2794,0min0sec
4200,-0.2063,0.3052,3.2786,0min0sec
4210,-0.2059,0.3046,3.2779,0min0sec
4220,-0.2054,0.3039,3.2771,0min0sec
4230,-0.2050,0.3033,3.2763,0min0sec
4240,-0.2045,0.3027,3.2755,0min0sec
4250,-0.2041,0.3020,3.2747,0min0sec
4260,-0.2036,0.3014,3.2740,0min0sec
4270,-0.2032,0.3008,3.2732,0min0sec
4280,-0.2028,0.3001,3.2725,0min0sec
4290,-0.2023,0.2995,3.2717,0min0sec
4300,-0.2019,0.2989,3.2709,0min0sec
4310,-0.2015,0.2983,3.2702,0min0sec
4320,-0.2010,0.2976,3.2694,0min0sec
4330,-0.2006,0.2970,3.2687,0min0sec
4340,-0.2002,0.2964,3.2679,0min0sec
4350,-0.1998,0.2958,3.2672,0min0sec
4360,-0.1994,0.2952,3.2665,0min0sec
4370,-0.1989,0.2946,3.2657,0min0sec
4380,-0.1985,0.2940,3.2650,0min0sec
4390,-0.1981,0.2934,3.2642,0min0sec
4400,-0.1977,0.2928,3.2635,0min0sec
4410,-0.1973,0.2922,3.2628,0min0sec
4420,-0.1969,0.2916,3.2620,0min0sec
4430,-0.1965,0.2910,3.2613,0min0sec
4440,-0.1960,0.2904,3.2606,0min0sec
4450,-0.1956,0.2898,3.2599,0min0sec
4460,-0.1953,0.2893,3.2592,0min0sec
4470,-0.1949,0.2887,3.2585,0min0sec
4480,-0.1945,0.2881,3.2578,0min0sec
4490,-0.1941,0.2875,3.2571,0min0sec
4500,-0.1937,0.2870,3.2564,0min0sec
4510,-0.1933,0.2864,3.2557,0min0sec
4520,-0.1929,0.2858,3.2550,0min0sec
4530,-0.1925,0.2853,3.2543,0min0sec
4540,-0.1921,0.2847,3.2536,0min0sec
4550,-0.1917,0.2842,3.2529,0min0sec
4560,-0.1913,0.2836,3.2523,0min0sec
4570,-0.1909,0.2830,3.2516,0min0sec
4580,-0.1905,0.2825,3.2509,0min0sec
4590,-0.1902,0.2819,3.2503,0min0sec
4600,-0.1898,0.2814,3.2496,0min0sec
4610,-0.1894,0.2809,3.2490,0min0sec
4620,-0.1890,0.2803,3.2483,0min0sec
4630,-0.1887,0.2798,3.2477,0min0sec
4640,-0.1883,0.2792,3.2470,0min0sec
4650,-0.1879,0.2787,3.2464,0min0sec
4660,-0.1875,0.2782,3.2457,0min0sec
4670,-0.1872,0.2776,3.2451,0min0sec
4680,-0.1868,0.2771,3.2444,0min0sec
4690,-0.1865,0.2766,3.2438,0min0sec
4700,-0.1861,0.2760,3.2431,0min0sec
4710,-0.1857,0.2755,3.2425,0min0sec
4720,-0.1854,0.2750,3.2418,0min0sec
4730,-0.1850,0.2745,3.2412,0min0sec
4740,-0.1847,0.2740,3.2406,0min0sec
4750,-0.1843,0.2735,3.2399,0min0sec
4760,-0.1839,0.2730,3.2393,0min0sec
4770,-0.1836,0.2725,3.2387,0min0sec
4780,-0.1832,0.2720,3.2381,0min0sec
4790,-0.1829,0.2715,3.2375,0min0sec
4800,-0.1825,0.2710,3.2369,0min0sec
4810,-0.1822,0.2705,3.2363,0min0sec
4820,-0.1818,0.2700,3.2357,0min0sec
4830,-0.1815,0.2695,3.2351,0min0sec
4840,-0.1812,0.2690,3.2345,0min0sec
4850,-0.1808,0.2685,3.2339,0min0sec
4860,-0.1805,0.2680,3.2333,0min0sec
4870,-0.1801,0.2675,3.2327,0min0sec
4880,-0.1798,0.2670,3.2321,0min0sec
4890,-0.1795,0.2665,3.2315,0min0sec
4900,-0.1791,0.2660,3.2309,0min0sec
4910,-0.1788,0.2655,3.2303,0min0sec
4920,-0.1785,0.2650,3.2297,0min0sec
4930,-0.1781,0.2646,3.2291,0min0sec
4940,-0.1778,0.2641,3.2285,0min0sec
4950,-0.1775,0.2636,3.2280,0min0sec
4960,-0.1772,0.2631,3.2274,0min0sec
4970,-0.1768,0.2626,3.2268,0min0sec
4980,-0.1765,0.2622,3.2262,0min0sec
4990,-0.1762,0.2617,3.2256,0min0sec
5000,-0.1759,0.2612,3.2251,0min0sec
5010,-0.1756,0.2608,3.2245,0min0sec
5020,-0.1752,0.2603,3.2239,0min0sec
5030,-0.1749,0.2599,3.2234,0min0sec
5040,-0.1746,0.2594,3.2228,0min0sec
5050,-0.1743,0.2589,3.2223,0min0sec
5060,-0.1740,0.2585,3.2217,0min0sec
5070,-0.1737,0.2580,3.2212,0min0sec
5080,-0.1734,0.2576,3.2206,0min0sec
5090,-0.1731,0.2571,3.2201,0min0sec
5100,-0.1728,0.2567,3.2195,0min0sec
5110,-0.1724,0.2562,3.2189,0min0sec
5120,-0.1721,0.2558,3.2184,0min0sec
5130,-0.1718,0.2553,3.2178,0min0sec
5140,-0.1715,0.2549,3.2173,0min0sec
5150,-0.1712,0.2544,3.2168,0min0sec
5160,-0.1709,0.2540,3.2162,0min0sec
5170,-0.1706,0.2535,3.2157,0min0sec
5180,-0.1703,0.2531,3.2152,0min0sec
5190,-0.1700,0.2527,3.2147,0min0sec
5200,-0.1697,0.2522,3.2142,0min0sec
5210,-0.1695,0.2518,3.2136,0min0sec
5220,-0.1692,0.2514,3.2131,0min0sec
5230,-0.1689,0.2509,3.2126,0min0sec
5240,-0.1686,0.2505,3.2120,0min0sec
5250,-0.1683,0.2501,3.2115,0min0sec
5260,-0.1680,0.2496,3.2110,0min0sec
5270,-0.1677,0.2492,3.2105,0min0sec
5280,-0.1674,0.2488,3.2100,0min0sec
5290,-0.1671,0.2484,3.2094,0min0sec
5300,-0.1668,0.2479,3.2089,0min0sec
5310,-0.1666,0.2475,3.2084,0min0sec
5320,-0.1663,0.2471,3.2079,0min0sec
5330,-0.1660,0.2467,3.2074,0min0sec
5340,-0.1657,0.2463,3.2069,0min0sec
5350,-0.1654,0.2459,3.2064,0min0sec
5360,-0.1651,0.2455,3.2059,0min0sec
5370,-0.1649,0.2450,3.2054,0min0sec
5380,-0.1646,0.2446,3.2049,0min0sec
5390,-0.1643,0.2442,3.2044,0min0sec
5400,-0.1640,0.2438,3.2039,0min0sec
5410,-0.1638,0.2434,3.2034,0min0sec
5420,-0.1635,0.2430,3.2029,0min0sec
5430,-0.1632,0.2426,3.2025,0min0sec
5440,-0.1629,0.2422,3.2020,0min0sec
5450,-0.1627,0.2418,3.2015,0min0sec
5460,-0.1624,0.2414,3.2010,0min0sec
5470,-0.1621,0.2410,3.2005,0min0sec
5480,-0.1619,0.2406,3.2000,0min0sec
5490,-0.1616,0.2402,3.1996,0min0sec
5500,-0.1613,0.2398,3.1991,0min0sec
5510,-0.1611,0.2395,3.1987,0min0sec
5520,-0.1608,0.2391,3.1982,0min0sec
5530,-0.1605,0.2387,3.1977,0min0sec
5540,-0.1603,0.2383,3.1973,0min0sec
5550,-0.1600,0.2379,3.1968,0min0sec
5560,-0.1598,0.2376,3.1964,0min0sec
5570,-0.1595,0.2372,3.1959,0min0sec
5580,-0.1592,0.2368,3.1954,0min0sec
5590,-0.1590,0.2364,3.1949,0min0sec
5600,-0.1587,0.2360,3.1945,0min0sec
5610,-0.1585,0.2357,3.1940,0min0sec
5620,-0.1582,0.2353,3.1935,0min0sec
5630,-0.1580,0.2349,3.1931,0min0sec
5640,-0.1577,0.2345,3.1926,0min0sec
5650,-0.1574,0.2342,3.1922,0min0sec
5660,-0.1572,0.2338,3.1917,0min0sec
5670,-0.1569,0.2334,3.1913,0min0sec
5680,-0.1567,0.2331,3.1908,0min0sec
5690,-0.1564,0.2327,3.1904,0min0sec
5700,-0.1562,0.2323,3.1899,0min0sec
5710,-0.1559,0.2319,3.1895,0min0sec
5720,-0.1557,0.2316,3.1891,0min0sec
5730,-0.1555,0.2312,3.1886,0min0sec
5740,-0.1552,0.2309,3.1882,0min0sec
5750,-0.1550,0.2305,3.1877,0min0sec
5760,-0.1547,0.2301,3.1873,0min0sec
5770,-0.1545,0.2298,3.1869,0min0sec
5780,-0.1542,0.2294,3.1864,0min0sec
5790,-0.1540,0.2291,3.1860,0min0sec
5800,-0.1538,0.2287,3.1856,0min0sec
5810,-0.1535,0.2284,3.1851,0min0sec
5820,-0.1533,0.2280,3.1847,0min0sec
5830,-0.1530,0.2277,3.1843,0min0sec
5840,-0.1528,0.2273,3.1838,0min0sec
5850,-0.1526,0.2270,3.1834,0min0sec
5860,-0.1524,0.2266,3.1830,0min0sec
5870,-0.1521,0.2263,3.1826,0min0sec
5880,-0.1519,0.2260,3.1822,0min0sec
5890,-0.1517,0.2256,3.1818,0min0sec
5900,-0.1514,0.2253,3.1814,0min0sec
5910,-0.1512,0.2249,3.1809,0min0sec
5920,-0.1510,0.2246,3.1805,0min0sec
5930,-0.1507,0.2243,3.1801,0min0sec
5940,-0.1505,0.2239,3.1797,0min0sec
5950,-0.1503,0.2236,3.1793,0min0sec
5960,-0.1500,0.2233,3.1789,0min0sec
5970,-0.1498,0.2229,3.1785,0min0sec
5980,-0.1496,0.2226,3.1781,0min0sec
5990,-0.1494,0.2223,3.1777,0min0sec
6000,-0.1491,0.2219,3.1773,0min0sec
6010,-0.1489,0.2216,3.1769,0min0sec
6020,-0.1487,0.2213,3.1765,0min0sec
6030,-0.1485,0.2209,3.1761,0min0sec
6040,-0.1483,0.2206,3.1757,0min0sec
6050,-0.1480,0.2203,3.1753,0min0sec
6060,-0.1478,0.2200,3.1749,0min0sec
6070,-0.1476,0.2197,3.1745,0min0sec
6080,-0.1474,0.2194,3.1742,0min0sec
6090,-0.1472,0.2190,3.1738,0min0sec
6100,-0.1470,0.2187,3.1734,0min0sec
6110,-0.1467,0.2184,3.1730,0min0sec
6120,-0.1465,0.2181,3.1726,0min0sec
6130,-0.1463,0.2178,3.1722,0min0sec
6140,-0.1461,0.2174,3.1718,0min0sec
6150,-0.1459,0.2171,3.1714,0min0sec
6160,-0.1457,0.2168,3.1711,0min0sec
6170,-0.1455,0.2165,3.1707,0min0sec
6180,-0.1452,0.2162,3.1703,0min0sec
6190,-0.1450,0.2159,3.1699,0min0sec
6200,-0.1448,0.2156,3.1695,0min0sec
6210,-0.1446,0.2153,3.1692,0min0sec
6220,-0.1444,0.2149,3.1688,0min0sec
6230,-0.1442,0.2146,3.1684,0min0sec
6240,-0.1440,0.2143,3.1680,0min0sec
6250,-0.1438,0.2140,3.1677,0min0sec
6260,-0.1436,0.2137,3.1673,0min0sec
6270,-0.1434,0.2134,3.1670,0min0sec
6280,-0.1432,0.2131,3.1666,0min0sec
6290,-0.1430,0.2128,3.1662,0min0sec
6300,-0.1427,0.2125,3.1659,0min0sec
6310,-0.1425,0.2122,3.1655,0min0sec
6320,-0.1423,0.2119,3.1652,0min0sec
6330,-0.1421,0.2116,3.1648,0min0sec
6340,-0.1420,0.2114,3.1644,0min0sec
6350,-0.1417,0.2111,3.1641,0min0sec
6360,-0.1416,0.2108,3.1637,0min0sec
6370,-0.1414,0.2105,3.1634,0min0sec
6380,-0.1412,0.2102,3.1630,0min0sec
6390,-0.1409,0.2099,3.1626,0min0sec
6400,-0.1407,0.2096,3.1623,0min0sec
6410,-0.1406,0.2093,3.1619,0min0sec
6420,-0.1404,0.2090,3.1616,0min0sec
6430,-0.1402,0.2087,3.1612,0min0sec
6440,-0.1400,0.2084,3.1609,0min0sec
6450,-0.1398,0.2081,3.1605,0min0sec
6460,-0.1396,0.2078,3.1602,0min0sec
6470,-0.1394,0.2076,3.1598,0min0sec
6480,-0.1392,0.2073,3.1595,0min0sec
6490,-0.1390,0.2070,3.1591,0min0sec
6500,-0.1388,0.2067,3.1588,0min0sec
6510,-0.1386,0.2064,3.1585,0min0sec
6520,-0.1384,0.2061,3.1581,0min0sec
6530,-0.1382,0.2059,3.1578,0min0sec
6540,-0.1380,0.2056,3.1574,0min0sec
6550,-0.1379,0.2053,3.1571,0min0sec
6560,-0.1377,0.2050,3.1567,0min0sec
6570,-0.1375,0.2047,3.1564,0min0sec
6580,-0.1373,0.2045,3.1560,0min0sec
6590,-0.1371,0.2042,3.1557,0min0sec
6600,-0.1369,0.2039,3.1553,0min0sec
6610,-0.1367,0.2036,3.1550,0min0sec
6620,-0.1365,0.2034,3.1546,0min0sec
6630,-0.1364,0.2031,3.1543,0min0sec
6640,-0.1362,0.2028,3.1540,0min0sec
6650,-0.1360,0.2025,3.1536,0min0sec
6660,-0.1358,0.2023,3.1533,0min0sec
6670,-0.1356,0.2020,3.1530,0min0sec
6680,-0.1354,0.2017,3.1527,0min0sec
6690,-0.1353,0.2015,3.1524,0min0sec
6700,-0.1351,0.2012,3.1520,0min0sec
6710,-0.1349,0.2009,3.1517,0min0sec
6720,-0.1347,0.2007,3.1514,0min0sec
6730,-0.1345,0.2004,3.1510,0min0sec
6740,-0.1344,0.2002,3.1507,0min0sec
6750,-0.1342,0.1999,3.1504,0min0sec
6760,-0.1340,0.1996,3.1501,0min0sec
6770,-0.1338,0.1994,3.1498,0min0sec
6780,-0.1336,0.1991,3.1495,0min0sec
6790,-0.1335,0.1988,3.1492,0min0sec
6800,-0.1333,0.1986,3.1489,0min0sec
6810,-0.1331,0.1983,3.1486,0min0sec
6820,-0.1329,0.1981,3.1483,0min0sec
6830,-0.1328,0.1978,3.1479,0min0sec
6840,-0.1326,0.1976,3.1476,0min0sec
6850,-0.1324,0.1973,3.1473,0min0sec
6860,-0.1322,0.1971,3.1470,0min0sec
6870,-0.1321,0.1968,3.1467,0min0sec
6880,-0.1319,0.1965,3.1464,0min0sec
6890,-0.1317,0.1963,3.1460,0min0sec
6900,-0.1315,0.1960,3.1457,0min0sec
6910,-0.1314,0.1958,3.1454,0min0sec
6920,-0.1312,0.1955,3.1451,0min0sec
6930,-0.1310,0.1953,3.1448,0min0sec
6940,-0.1309,0.1950,3.1445,0min0sec
6950,-0.1307,0.1948,3.1442,0min0sec
6960,-0.1305,0.1946,3.1439,0min0sec
6970,-0.1304,0.1943,3.1436,0min0sec
6980,-0.1302,0.1941,3.1433,0min0sec
6990,-0.1300,0.1938,3.1430,0min0sec
7000,-0.1299,0.1936,3.1426,0min0sec
7010,-0.1297,0.1933,3.1423,0min0sec
7020,-0.1295,0.1931,3.1420,0min0sec
7030,-0.1294,0.1928,3.1418,0min0sec
7040,-0.1292,0.1926,3.1415,0min0sec
7050,-0.1290,0.1923,3.1412,0min0sec
7060,-0.1289,0.1921,3.1409,0min0sec
7070,-0.1287,0.1919,3.1406,0min0sec
7080,-0.1285,0.1916,3.1403,0min0sec
7090,-0.1284,0.1914,3.1400,0min0sec
7100,-0.1282,0.1912,3.1397,0min0sec
7110,-0.1280,0.1909,3.1394,0min0sec
7120,-0.1279,0.1907,3.1391,0min0sec
7130,-0.1277,0.1904,3.1388,0min0sec
7140,-0.1276,0.1902,3.1385,0min0sec
7150,-0.1274,0.1900,3.1382,0min0sec
7160,-0.1272,0.1897,3.1379,0min0sec
7170,-0.1271,0.1895,3.1376,0min0sec
7180,-0.1269,0.1893,3.1374,0min0sec
7190,-0.1268,0.1890,3.1371,0min0sec
7200,-0.1266,0.1888,3.1368,0min0sec
7210,-0.1265,0.1886,3.1365,0min0sec
7220,-0.1263,0.1883,3.1362,0min0sec
7230,-0.1261,0.1881,3.1359,0min0sec
7240,-0.1260,0.1879,3.1357,0min0sec
7250,-0.1258,0.1876,3.1354,0min0sec
7260,-0.1257,0.1874,3.1351,0min0sec
7270,-0.1255,0.1872,3.1348,0min0sec
7280,-0.1254,0.1869,3.1345,0min0sec
7290,-0.1252,0.1867,3.1343,0min0sec
7300,-0.1251,0.1865,3.1340,0min0sec
7310,-0.1249,0.1863,3.1337,0min0sec
7320,-0.1248,0.1860,3.1334,0min0sec
7330,-0.1246,0.1858,3.1332,0min0sec
7340,-0.1245,0.1856,3.1329,0min0sec
7350,-0.1243,0.1854,3.1326,0min0sec
7360,-0.1241,0.1851,3.1323,0min0sec
7370,-0.1240,0.1849,3.1321,0min0sec
7380,-0.1238,0.1847,3.1318,0min0sec
7390,-0.1237,0.1845,3.1315,0min0sec
7400,-0.1235,0.1843,3.1312,0min0sec
7410,-0.1234,0.1840,3.1309,0min0sec
7420,-0.1232,0.1838,3.1307,0min0sec
7430,-0.1231,0.1836,3.1304,0min0sec
7440,-0.1230,0.1834,3.1301,0min0sec
7450,-0.1228,0.1832,3.1299,0min0sec
7460,-0.1227,0.1829,3.1296,0min0sec
7470,-0.1225,0.1827,3.1293,0min0sec
7480,-0.1224,0.1825,3.1291,0min0sec
7490,-0.1222,0.1823,3.1288,0min0sec
7500,-0.1221,0.1821,3.1285,0min0sec
7510,-0.1219,0.1819,3.1283,0min0sec
7520,-0.1218,0.1817,3.1280,0min0sec
7530,-0.1216,0.1815,3.1277,0min0sec
7540,-0.1215,0.1812,3.1275,0min0sec
7550,-0.1214,0.1810,3.1272,0min0sec
7560,-0.1212,0.1808,3.1270,0min0sec
7570,-0.1211,0.1806,3.1267,0min0sec
7580,-0.1209,0.1804,3.1265,0min0sec
7590,-0.1208,0.1802,3.1262,0min0sec
7600,-0.1206,0.1800,3.1259,0min0sec
7610,-0.1205,0.1798,3.1257,0min0sec
7620,-0.1203,0.1796,3.1254,0min0sec
7630,-0.1202,0.1794,3.1252,0min0sec
7640,-0.1201,0.1791,3.1249,0min0sec
7650,-0.1199,0.1789,3.1247,0min0sec
7660,-0.1198,0.1787,3.1244,0min0sec
7670,-0.1197,0.1785,3.1241,0min0sec
7680,-0.1195,0.1783,3.1239,0min0sec
7690,-0.1194,0.1781,3.1236,0min0sec
7700,-0.1192,0.1779,3.1234,0min0sec
7710,-0.1191,0.1777,3.1232,0min0sec
7720,-0.1190,0.1775,3.1229,0min0sec
7730,-0.1188,0.1773,3.1227,0min0sec
7740,-0.1187,0.1771,3.1224,0min0sec
7750,-0.1186,0.1769,3.1222,0min0sec
7760,-0.1184,0.1767,3.1219,0min0sec
7770,-0.1183,0.1765,3.1217,0min0sec
7780,-0.1182,0.1763,3.1214,0min0sec
7790,-0.1180,0.1761,3.1212,0min0sec
7800,-0.1179,0.1759,3.1210,0min0sec
7810,-0.1178,0.1757,3.1207,0min0sec
7820,-0.1176,0.1755,3.1205,0min0sec
7830,-0.1175,0.1753,3.1202,0min0sec
7840,-0.1174,0.1751,3.1200,0min0sec
7850,-0.1172,0.1749,3.1198,0min0sec
7860,-0.1171,0.1747,3.1195,0min0sec
7870,-0.1170,0.1745,3.1193,0min0sec
7880,-0.1168,0.1743,3.1190,0min0sec
7890,-0.1167,0.1741,3.1188,0min0sec
7900,-0.1166,0.1739,3.1186,0min0sec
7910,-0.1164,0.1737,3.1183,0min0sec
7920,-0.1163,0.1735,3.1181,0min0sec
7930,-0.1162,0.1733,3.1179,0min0sec
7940,-0.1160,0.1732,3.1176,0min0sec
7950,-0.1159,0.1730,3.1174,0min0sec
7960,-0.1158,0.1728,3.1172,0min0sec
7970,-0.1156,0.1726,3.1169,0min0sec
7980,-0.1155,0.1724,3.1167,0min0sec
7990,-0.1154,0.1722,3.1165,0min0sec
8000,-0.1153,0.1720,3.1162,0min0sec
8010,-0.1151,0.1718,3.1160,0min0sec
8020,-0.1150,0.1716,3.1158,0min0sec
8030,-0.1149,0.1714,3.1155,0min0sec
8040,-0.1147,0.1712,3.1153,0min0sec
8050,-0.1146,0.1711,3.1151,0min0sec
8060,-0.1145,0.1709,3.1148,0min0sec
8070,-0.1144,0.1707,3.1146,0min0sec
8080,-0.1142,0.1705,3.1144,0min0sec
8090,-0.1141,0.1703,3.1141,0min0sec
8100,-0.1140,0.1701,3.1139,0min0sec
8110,-0.1138,0.1699,3.1137,0min0sec
8120,-0.1137,0.1698,3.1134,0min0sec
8130,-0.1136,0.1696,3.1132,0min0sec
8140,-0.1135,0.1694,3.1130,0min0sec
8150,-0.1134,0.1692,3.1128,0min0sec
8160,-0.1132,0.1690,3.1125,0min0sec
8170,-0.1131,0.1688,3.1123,0min0sec
8180,-0.1130,0.1687,3.1121,0min0sec
8190,-0.1129,0.1685,3.1119,0min0sec
8200,-0.1127,0.1683,3.1117,0min0sec
8210,-0.1126,0.1681,3.1115,0min0sec
8220,-0.1125,0.1679,3.1112,0min0sec
8230,-0.1124,0.1678,3.1110,0min0sec
8240,-0.1123,0.1676,3.1108,0min0sec
8250,-0.1121,0.1674,3.1106,0min0sec
8260,-0.1120,0.1672,3.1104,0min0sec
8270,-0.1119,0.1670,3.1102,0min0sec
8280,-0.1118,0.1669,3.1099,0min0sec
8290,-0.1117,0.1667,3.1097,0min0sec
8300,-0.1115,0.1665,3.1095,0min0sec
8310,-0.1114,0.1663,3.1093,0min0sec
8320,-0.1113,0.1662,3.1091,0min0sec
8330,-0.1112,0.1660,3.1089,0min0sec
8340,-0.1111,0.1658,3.1087,0min0sec
8350,-0.1110,0.1656,3.1084,0min0sec
8360,-0.1108,0.1655,3.1082,0min0sec
8370,-0.1107,0.1653,3.1080,0min0sec
8380,-0.1106,0.1651,3.1078,0min0sec
8390,-0.1105,0.1649,3.1076,0min0sec
8400,-0.1104,0.1648,3.1074,0min0sec
8410,-0.1103,0.1646,3.1072,0min0sec
8420,-0.1101,0.1644,3.1070,0min0sec
8430,-0.1100,0.1643,3.1068,0min0sec
8440,-0.1099,0.1641,3.1066,0min0sec
8450,-0.1098,0.1639,3.1064,0min0sec
8460,-0.1097,0.1637,3.1061,0min0sec
8470,-0.1096,0.1636,3.1059,0min0sec
8480,-0.1094,0.1634,3.1057,0min0sec
8490,-0.1093,0.1632,3.1055,0min0sec
8500,-0.1092,0.1631,3.1053,0min0sec
8510,-0.1091,0.1629,3.1051,0min0sec
8520,-0.1090,0.1627,3.1049,0min0sec
8530,-0.1089,0.1626,3.1047,0min0sec
8540,-0.1087,0.1624,3.1045,0min0sec
8550,-0.1086,0.1622,3.1043,0min0sec
8560,-0.1085,0.1620,3.1041,0min0sec
8570,-0.1084,0.1619,3.1039,0min0sec
8580,-0.1083,0.1617,3.1037,0min0sec
8590,-0.1082,0.1615,3.1034,0min0sec
8600,-0.1081,0.1614,3.1032,0min0sec
8610,-0.1080,0.1612,3.1030,0min0sec
8620,-0.1078,0.1611,3.1028,0min0sec
8630,-0.1077,0.1609,3.1026,0min0sec
8640,-0.1076,0.1607,3.1024,0min0sec
8650,-0.1075,0.1606,3.1022,0min0sec
8660,-0.1074,0.1604,3.1020,0min0sec
8670,-0.1073,0.1602,3.1018,0min0sec
8680,-0.1072,0.1601,3.1016,0min0sec
8690,-0.1071,0.1599,3.1014,0min0sec
8700,-0.1070,0.1598,3.1012,0min0sec
8710,-0.1069,0.1596,3.1010,0min0sec
8720,-0.1067,0.1594,3.1008,0min0sec
8730,-0.1066,0.1593,3.1006,0min0sec
8740,-0.1065,0.1591,3.1004,0min0sec
8750,-0.1064,0.1589,3.1002,0min0sec
8760,-0.1063,0.1588,3.1000,0min0sec
8770,-0.1062,0.1586,3.0998,0min0sec
8780,-0.1061,0.1585,3.0996,0min0sec
8790,-0.1060,0.1583,3.0994,0min0sec
8800,-0.1059,0.1582,3.0992,0min0sec
8810,-0.1058,0.1580,3.0990,0min0sec
8820,-0.1057,0.1578,3.0988,0min0sec
8830,-0.1056,0.1577,3.0986,0min0sec
8840,-0.1055,0.1575,3.0984,0min0sec
8850,-0.1054,0.1574,3.0982,0min0sec
8860,-0.1052,0.1572,3.0980,0min0sec
8870,-0.1051,0.1571,3.0978,0min0sec
8880,-0.1050,0.1569,3.0977,0min0sec
8890,-0.1049,0.1567,3.0975,0min0sec
8900,-0.1048,0.1566,3.0973,0min0sec
8910,-0.1047,0.1564,3.0971,0min0sec
8920,-0.1046,0.1563,3.0969,0min0sec
8930,-0.1045,0.1561,3.0967,0min0sec
8940,-0.1044,0.1560,3.0965,0min0sec
8950,-0.1043,0.1558,3.0963,0min0sec
8960,-0.1042,0.1557,3.0961,0min0sec
8970,-0.1041,0.1555,3.0959,0min0sec
8980,-0.1040,0.1554,3.0957,0min0sec
8990,-0.1039,0.1552,3.0955,0min0sec
9000,-0.1038,0.1551,3.0954,0min0sec
9010,-0.1037,0.1549,3.0952,0min0sec
9020,-0.1036,0.1548,3.0950,0min0sec
9030,-0.1035,0.1546,3.0948,0min0sec
9040,-0.1034,0.1545,3.0946,0min0sec
9050,-0.1033,0.1543,3.0944,0min0sec
9060,-0.1032,0.1542,3.0943,0min0sec
9070,-0.1031,0.1540,3.0941,0min0sec
9080,-0.1030,0.1539,3.0939,0min0sec
9090,-0.1029,0.1537,3.0937,0min0sec
9100,-0.1028,0.1536,3.0935,0min0sec
9110,-0.1027,0.1534,3.0933,0min0sec
9120,-0.1026,0.1533,3.0931,0min0sec
9130,-0.1025,0.1531,3.0930,0min0sec
9140,-0.1024,0.1530,3.0928,0min0sec
9150,-0.1023,0.1528,3.0926,0min0sec
9160,-0.1022,0.1527,3.0924,0min0sec
9170,-0.1021,0.1525,3.0923,0min0sec
9180,-0.1020,0.1524,3.0921,0min0sec
9190,-0.1019,0.1522,3.0919,0min0sec
9200,-0.1018,0.1521,3.0917,0min0sec
9210,-0.1017,0.1519,3.0915,0min0sec
9220,-0.1016,0.1518,3.0914,0min0sec
9230,-0.1015,0.1517,3.0912,0min0sec
9240,-0.1014,0.1515,3.0910,0min0sec
9250,-0.1013,0.1514,3.0908,0min0sec
9260,-0.1012,0.1512,3.0907,0min0sec
9270,-0.1011,0.1511,3.0905,0min0sec
9280,-0.1010,0.1509,3.0903,0min0sec
9290,-0.1009,0.1508,3.0901,0min0sec
9300,-0.1008,0.1507,3.0900,0min0sec
9310,-0.1007,0.1505,3.0898,0min0sec
9320,-0.1006,0.1504,3.0896,0min0sec
9330,-0.1005,0.1502,3.0894,0min0sec
9340,-0.1004,0.1501,3.0892,0min0sec
9350,-0.1003,0.1500,3.0890,0min0sec
9360,-0.1003,0.1498,3.0889,0min0sec
9370,-0.1002,0.1497,3.0887,0min0sec
9380,-0.1001,0.1495,3.0885,0min0sec
9390,-0.1000,0.1494,3.0883,0min0sec
9400,-0.0999,0.1492,3.0882,0min0sec
9410,-0.0998,0.1491,3.0880,0min0sec
9420,-0.0997,0.1490,3.0878,0min0sec
9430,-0.0996,0.1488,3.0877,0min0sec
9440,-0.0995,0.1487,3.0875,0min0sec
9450,-0.0994,0.1486,3.0873,0min0sec
9460,-0.0993,0.1484,3.0872,0min0sec
9470,-0.0992,0.1483,3.0870,0min0sec
9480,-0.0991,0.1481,3.0868,0min0sec
9490,-0.0990,0.1480,3.0867,0min0sec
9500,-0.0989,0.1479,3.0865,0min0sec
9510,-0.0988,0.1477,3.0863,0min0sec
9520,-0.0988,0.1476,3.0861,0min0sec
9530,-0.0987,0.1475,3.0860,0min0sec
9540,-0.0986,0.1473,3.0858,0min0sec
9550,-0.0985,0.1472,3.0856,0min0sec
9560,-0.0984,0.1471,3.0855,0min0sec
9570,-0.0983,0.1469,3.0853,0min0sec
9580,-0.0982,0.1468,3.0851,0min0sec
9590,-0.0981,0.1467,3.0850,0min0sec
9600,-0.0980,0.1465,3.0848,0min0sec
9610,-0.0979,0.1464,3.0846,0min0sec
9620,-0.0979,0.1462,3.0845,0min0sec
9630,-0.0978,0.1461,3.0843,0min0sec
9640,-0.0977,0.1460,3.0842,0min0sec
9650,-0.0976,0.1459,3.0840,0min0sec
9660,-0.0975,0.1457,3.0838,0min0sec
9670,-0.0974,0.1456,3.0837,0min0sec
9680,-0.0973,0.1455,3.0835,0min0sec
9690,-0.0972,0.1453,3.0833,0min0sec
9700,-0.0971,0.1452,3.0832,0min0sec
9710,-0.0971,0.1451,3.0830,0min0sec
9720,-0.0970,0.1449,3.0828,0min0sec
9730,-0.0969,0.1448,3.0827,0min0sec
9740,-0.0968,0.1447,3.0825,0min0sec
9750,-0.0967,0.1445,3.0824,0min0sec
9760,-0.0966,0.1444,3.0822,0min0sec
9770,-0.0965,0.1443,3.0821,0min0sec
9780,-0.0964,0.1442,3.0819,0min0sec
9790,-0.0964,0.1440,3.0817,0min0sec
9800,-0.0963,0.1439,3.0816,0min0sec
9810,-0.0962,0.1438,3.0814,0min0sec
9820,-0.0961,0.1436,3.0813,0min0sec
9830,-0.0960,0.1435,3.0811,0min0sec
9840,-0.0959,0.1434,3.0809,0min0sec
9850,-0.0958,0.1433,3.0808,0min0sec
9860,-0.0958,0.1431,3.0806,0min0sec
9870,-0.0957,0.1430,3.0805,0min0sec
9880,-0.0956,0.1429,3.0803,0min0sec
9890,-0.0955,0.1428,3.0802,0min0sec
9900,-0.0954,0.1426,3.0800,0min0sec
9910,-0.0953,0.1425,3.0798,0min0sec
9920,-0.0953,0.1424,3.0797,0min0sec
9930,-0.0952,0.1422,3.0795,0min0sec
9940,-0.0951,0.1421,3.0793,0min0sec
9950,-0.0950,0.1420,3.0792,0min0sec
9960,-0.0949,0.1419,3.0790,0min0sec
9970,-0.0948,0.1417,3.0789,0min0sec
9980,-0.0948,0.1416,3.0787,0min0sec
9990,-0.0947,0.1415,3.0786,0min0sec
10000,-0.0946,0.1414,3.0784,0min0sec
10010,-0.0945,0.1412,3.0783,0min0sec
10020,-0.0944,0.1411,3.0781,0min0sec
10030,-0.0943,0.1410,3.0780,0min0sec
10040,-0.0943,0.1409,3.0778,0min0sec
10050,-0.0942,0.1408,3.0777,0min0sec
10060,-0.0941,0.1406,3.0775,0min0sec
10070,-0.0940,0.1405,3.0774,0min0sec
10080,-0.0939,0.1404,3.0772,0min0sec
10090,-0.0939,0.1403,3.0771,0min0sec
10100,-0.0938,0.1401,3.0769,0min0sec
10110,-0.0937,0.1400,3.0768,0min0sec
10120,-0.0936,0.1399,3.0766,0min0sec
10130,-0.0935,0.1398,3.0765,0min0sec
10140,-0.0935,0.1397,3.0763,0min0sec
10150,-0.0934,0.1395,3.0762,0min0sec
10160,-0.0933,0.1394,3.0760,0min0sec
10170,-0.0932,0.1393,3.0759,0min0sec
10180,-0.0931,0.1392,3.0757,0min0sec
10190,-0.0931,0.1391,3.0756,0min0sec
10200,-0.0930,0.1389,3.0754,0min0sec
10210,-0.0929,0.1388,3.0753,0min0sec
10220,-0.0928,0.1387,3.0751,0min0sec
10230,-0.0927,0.1386,3.0750,0min0sec
10240,-0.0927,0.1385,3.0748,0min0sec
10250,-0.0926,0.1383,3.0747,0min0sec
10260,-0.0925,0.1382,3.0745,0min0sec
10270,-0.0924,0.1381,3.0744,0min0sec
10280,-0.0923,0.1380,3.0742,0min0sec
10290,-0.0923,0.1379,3.0741,0min0sec
10300,-0.0922,0.1378,3.0740,0min0sec
10310,-0.0921,0.1376,3.0738,0min0sec
10320,-0.0920,0.1375,3.0737,0min0sec
10330,-0.0919,0.1374,3.0735,0min0sec
10340,-0.0919,0.1373,3.0734,0min0sec
10350,-0.0918,0.1372,3.0733,0min0sec
10360,-0.0917,0.1371,3.0731,0min0sec
10370,-0.0916,0.1370,3.0730,0min0sec
10380,-0.0915,0.1368,3.0728,0min0sec
10390,-0.0915,0.1367,3.0727,0min0sec
10400,-0.0914,0.1366,3.0725,0min0sec
10410,-0.0913,0.1365,3.0724,0min0sec
10420,-0.0912,0.1364,3.0723,0min0sec
10430,-0.0912,0.1363,3.0721,0min0sec
10440,-0.0911,0.1361,3.0720,0min0sec
10450,-0.0910,0.1360,3.0718,0min0sec
10460,-0.0909,0.1359,3.0717,0min0sec
10470,-0.0909,0.1358,3.0715,0min0sec
10480,-0.0908,0.1357,3.0714,0min0sec
10490,-0.0907,0.1356,3.0713,0min0sec
10500,-0.0906,0.1355,3.0711,0min0sec
10510,-0.0906,0.1354,3.0710,0min0sec
10520,-0.0905,0.1352,3.0709,0min0sec
10530,-0.0904,0.1351,3.0707,0min0sec
10540,-0.0903,0.1350,3.0706,0min0sec
10550,-0.0903,0.1349,3.0704,0min0sec
10560,-0.0902,0.1348,3.0703,0min0sec
10570,-0.0901,0.1347,3.0702,0min0sec
10580,-0.0900,0.1346,3.0701,0min0sec
10590,-0.0900,0.1345,3.0699,0min0sec
10600,-0.0899,0.1344,3.0698,0min0sec
10610,-0.0898,0.1343,3.0697,0min0sec
10620,-0.0897,0.1342,3.0695,0min0sec
10630,-0.0897,0.1340,3.0694,0min0sec
10640,-0.0896,0.1339,3.0693,0min0sec
10650,-0.0895,0.1338,3.0691,0min0sec
10660,-0.0894,0.1337,3.0690,0min0sec
10670,-0.0894,0.1336,3.0688,0min0sec
10680,-0.0893,0.1335,3.0687,0min0sec
10690,-0.0892,0.1334,3.0686,0min0sec
10700,-0.0892,0.1333,3.0684,0min0sec
10710,-0.0891,0.1332,3.0683,0min0sec
10720,-0.0890,0.1331,3.0682,0min0sec
10730,-0.0889,0.1330,3.0680,0min0sec
10740,-0.0889,0.1328,3.0679,0min0sec
10750,-0.0888,0.1327,3.0678,0min0sec
10760,-0.0887,0.1326,3.0677,0min0sec
10770,-0.0887,0.1325,3.0675,0min0sec
10780,-0.0886,0.1324,3.0674,0min0sec
10790,-0.0885,0.1323,3.0672,0min0sec
10800,-0.0884,0.1322,3.0671,0min0sec
10810,-0.0884,0.1321,3.0670,0min0sec
10820,-0.0883,0.1320,3.0669,0min0sec
10830,-0.0882,0.1319,3.0667,0min0sec
10840,-0.0882,0.1318,3.0666,0min0sec
10850,-0.0881,0.1317,3.0665,0min0sec
10860,-0.0880,0.1316,3.0663,0min0sec
10870,-0.0879,0.1315,3.0662,0min0sec
10880,-0.0879,0.1314,3.0661,0min0sec
10890,-0.0878,0.1313,3.0659,0min0sec
10900,-0.0877,0.1311,3.0658,0min0sec
10910,-0.0877,0.1310,3.0657,0min0sec
10920,-0.0876,0.1309,3.0656,0min0sec
10930,-0.0875,0.1308,3.0654,0min0sec
10940,-0.0875,0.1307,3.0653,0min0sec
10950,-0.0874,0.1306,3.0652,0min0sec
10960,-0.0873,0.1305,3.0650,0min0sec
10970,-0.0872,0.1304,3.0649,0min0sec
10980,-0.0872,0.1303,3.0648,0min0sec
10990,-0.0871,0.1302,3.0647,0min0sec
11000,-0.0870,0.1301,3.0645,0min0sec
11010,-0.0870,0.1300,3.0644,0min0sec
11020,-0.0869,0.1299,3.0643,0min0sec
11030,-0.0868,0.1298,3.0642,0min0sec
11040,-0.0868,0.1297,3.0640,0min0sec
11050,-0.0867,0.1296,3.0639,0min0sec
11060,-0.0866,0.1295,3.0638,0min0sec
11070,-0.0866,0.1294,3.0636,0min0sec
11080,-0.0865,0.1293,3.0635,0min0sec
11090,-0.0864,0.1292,3.0634,0min0sec
11100,-0.0863,0.1291,3.0633,0min0sec
11110,-0.0863,0.1290,3.0631,0min0sec
11120,-0.0862,0.1289,3.0630,0min0sec
11130,-0.0861,0.1288,3.0629,0min0sec
11140,-0.0861,0.1287,3.0628,0min0sec
11150,-0.0860,0.1286,3.0626,0min0sec
11160,-0.0859,0.1285,3.0625,0min0sec
11170,-0.0859,0.1284,3.0624,0min0sec
11180,-0.0858,0.1283,3.0623,0min0sec
11190,-0.0858,0.1282,3.0621,0min0sec
11200,-0.0857,0.1281,3.0620,0min0sec
11210,-0.0856,0.1280,3.0619,0min0sec
11220,-0.0856,0.1279,3.0618,0min0sec
11230,-0.0855,0.1278,3.0616,0min0sec
11240,-0.0854,0.1277,3.0615,0min0sec
11250,-0.0854,0.1276,3.0614,0min0sec
11260,-0.0853,0.1275,3.0613,0min0sec
11270,-0.0852,0.1274,3.0612,0min0sec
11280,-0.0852,0.1273,3.0610,0min0sec
11290,-0.0851,0.1272,3.0609,0min0sec
11300,-0.0850,0.1271,3.0608,0min0sec
11310,-0.0850,0.1270,3.0607,0min0sec
11320,-0.0849,0.1269,3.0606,0min0sec
11330,-0.0848,0.1268,3.0605,0min0sec
11340,-0.0848,0.1267,3.0603,0min0sec
11350,-0.0847,0.1266,3.0602,0min0sec
11360,-0.0846,0.1265,3.0601,0min0sec
11370,-0.0846,0.1264,3.0600,0min0sec
11380,-0.0845,0.1263,3.0599,0min0sec
11390,-0.0844,0.1262,3.0597,0min0sec
11400,-0.0844,0.1261,3.0596,0min0sec
11410,-0.0843,0.1260,3.0595,0min0sec
11420,-0.0843,0.1259,3.0594,0min0sec
11430,-0.0842,0.1258,3.0593,0min0sec
11440,-0.0841,0.1257,3.0591,0min0sec
11450,-0.0841,0.1256,3.0590,0min0sec
11460,-0.0840,0.1255,3.0589,0min0sec
11470,-0.0839,0.1254,3.0588,0min0sec
11480,-0.0839,0.1254,3.0587,0min0sec
11490,-0.0838,0.1253,3.0585,0min0sec
11500,-0.0837,0.1252,3.0584,0min0sec
11510,-0.0837,0.1251,3.0583,0min0sec
11520,-0.0836,0.1250,3.0582,0min0sec
11530,-0.0836,0.1249,3.0581,0min0sec
11540,-0.0835,0.1248,3.0579,0min0sec
11550,-0.0834,0.1247,3.0578,0min0sec
11560,-0.0834,0.1246,3.0577,0min0sec
11570,-0.0833,0.1245,3.0576,0min0sec
11580,-0.0832,0.1244,3.0575,0min0sec
11590,-0.0832,0.1243,3.0573,0min0sec
11600,-0.0831,0.1242,3.0572,0min0sec
11610,-0.0831,0.1241,3.0571,0min0sec
11620,-0.0830,0.1240,3.0570,0min0sec
11630,-0.0829,0.1239,3.0569,0min0sec
11640,-0.0829,0.1239,3.0567,0min0sec
11650,-0.0828,0.1238,3.0566,0min0sec
11660,-0.0827,0.1237,3.0565,0min0sec
11670,-0.0827,0.1236,3.0564,0min0sec
11680,-0.0826,0.1235,3.0563,0min0sec
11690,-0.0826,0.1234,3.0562,0min0sec
11700,-0.0825,0.1233,3.0561,0min0sec
11710,-0.0824,0.1232,3.0560,0min0sec
11720,-0.0824,0.1231,3.0559,0min0sec
11730,-0.0823,0.1230,3.0557,0min0sec
11740,-0.0823,0.1229,3.0556,0min0sec
11750,-0.0822,0.1229,3.0555,0min0sec
11760,-0.0821,0.1228,3.0554,0min0sec
11770,-0.0821,0.1227,3.0553,0min0sec
11780,-0.0820,0.1226,3.0552,0min0sec
11790,-0.0820,0.1225,3.0551,0min0sec
11800,-0.0819,0.1224,3.0550,0min0sec
11810,-0.0818,0.1223,3.0549,0min0sec
11820,-0.0818,0.1222,3.0548,0min0sec
11830,-0.0817,0.1221,3.0546,0min0sec
11840,-0.0817,0.1221,3.0545,0min0sec
11850,-0.0816,0.1220,3.0544,0min0sec
11860,-0.0815,0.1219,3.0543,0min0sec
11870,-0.0815,0.1218,3.0542,0min0sec
11880,-0.0814,0.1217,3.0541,0min0sec
11890,-0.0814,0.1216,3.0540,0min0sec
11900,-0.0813,0.1215,3.0538,0min0sec
11910,-0.0812,0.1214,3.0537,0min0sec
11920,-0.0812,0.1213,3.0536,0min0sec
11930,-0.0811,0.1213,3.0535,0min0sec
11940,-0.0811,0.1212,3.0534,0min0sec
11950,-0.0810,0.1211,3.0533,0min0sec
11960,-0.0809,0.1210,3.0532,0min0sec
11970,-0.0809,0.1209,3.0531,0min0sec
11980,-0.0808,0.1208,3.0530,0min0sec
11990,-0.0808,0.1207,3.0528,0min0sec
12000,-0.0807,0.1206,3.0527,0min0sec
12010,-0.0807,0.1205,3.0526,0min0sec
12020,-0.0806,0.1205,3.0525,0min0sec
12030,-0.0805,0.1204,3.0524,0min0sec
12040,-0.0805,0.1203,3.0523,0min0sec
12050,-0.0804,0.1202,3.0522,0min0sec
12060,-0.0804,0.1201,3.0521,0min0sec
12070,-0.0803,0.1200,3.0520,0min0sec
12080,-0.0803,0.1199,3.0519,0min0sec
12090,-0.0802,0.1199,3.0517,0min0sec
12100,-0.0801,0.1198,3.0516,0min0sec
12110,-0.0801,0.1197,3.0515,0min0sec
12120,-0.0800,0.1196,3.0514,0min0sec
12130,-0.0800,0.1195,3.0513,0min0sec
12140,-0.0799,0.1194,3.0512,0min0sec
12150,-0.0799,0.1193,3.0511,0min0sec
12160,-0.0798,0.1193,3.0510,0min0sec
12170,-0.0797,0.1192,3.0509,0min0sec
12180,-0.0797,0.1191,3.0508,0min0sec
12190,-0.0796,0.1190,3.0507,0min0sec
12200,-0.0796,0.1189,3.0506,0min0sec
12210,-0.0795,0.1188,3.0505,0min0sec
12220,-0.0795,0.1187,3.0504,0min0sec
12230,-0.0794,0.1187,3.0502,0min0sec
12240,-0.0793,0.1186,3.0501,0min0sec
12250,-0.0793,0.1185,3.0500,0min0sec
12260,-0.0792,0.1184,3.0499,0min0sec
12270,-0.0792,0.1183,3.0498,0min0sec
12280,-0.0791,0.1182,3.0497,0min0sec
12290,-0.0791,0.1182,3.0496,0min0sec
12300,-0.0790,0.1181,3.0495,0min0sec
12310,-0.0790,0.1180,3.0494,0min0sec
12320,-0.0789,0.1179,3.0493,0min0sec
12330,-0.0788,0.1178,3.0492,0min0sec
12340,-0.0788,0.1177,3.0491,0min0sec
12350,-0.0787,0.1177,3.0490,0min0sec
12360,-0.0787,0.1176,3.0489,0min0sec
12370,-0.0786,0.1175,3.0488,0min0sec
12380,-0.0786,0.1174,3.0487,0min0sec
12390,-0.0785,0.1173,3.0486,0min0sec
12400,-0.0785,0.1172,3.0485,0min0sec
12410,-0.0784,0.1172,3.0484,0min0sec
12420,-0.0784,0.1171,3.0483,0min0sec
12430,-0.0783,0.1170,3.0481,0min0sec
12440,-0.0782,0.1169,3.0480,0min0sec
12450,-0.0782,0.1168,3.0479,0min0sec
12460,-0.0781,0.1168,3.0478,0min0sec
12470,-0.0781,0.1167,3.0477,0min0sec
12480,-0.0780,0.1166,3.0476,0min0sec
12490,-0.0780,0.1165,3.0475,0min0sec
12500,-0.0779,0.1164,3.0474,0min0sec
12510,-0.0779,0.1163,3.0473,0min0sec
12520,-0.0778,0.1163,3.0472,0min0sec
12530,-0.0778,0.1162,3.0471,0min0sec
12540,-0.0777,0.1161,3.0470,0min0sec
12550,-0.0777,0.1160,3.0470,0min0sec
12560,-0.0776,0.1159,3.0469,0min0sec
12570,-0.0776,0.1159,3.0467,0min0sec
12580,-0.0775,0.1158,3.0466,0min0sec
12590,-0.0774,0.1157,3.0465,0min0sec
12600,-0.0774,0.1156,3.0464,0min0sec
12610,-0.0773,0.1155,3.0463,0min0sec
12620,-0.0773,0.1155,3.0462,0min0sec
12630,-0.0772,0.1154,3.0461,0min0sec
12640,-0.0772,0.1153,3.0460,0min0sec
12650,-0.0771,0.1152,3.0459,0min0sec
12660,-0.0771,0.1152,3.0458,0min0sec
12670,-0.0770,0.1151,3.0457,0min0sec
12680,-0.0770,0.1150,3.0456,0min0sec
12690,-0.0769,0.1149,3.0455,0min0sec
12700,-0.0769,0.1148,3.0454,0min0sec
12710,-0.0768,0.1148,3.0453,0min0sec
12720,-0.0768,0.1147,3.0452,0min0sec
12730,-0.0767,0.1146,3.0451,0min0sec
12740,-0.0767,0.1145,3.0450,0min0sec
12750,-0.0766,0.1144,3.0449,0min0sec
12760,-0.0766,0.1144,3.0448,0min0sec
12770,-0.0765,0.1143,3.0447,0min0sec
12780,-0.0765,0.1142,3.0446,0min0sec
12790,-0.0764,0.1141,3.0445,0min0sec
12800,-0.0764,0.1141,3.0444,0min0sec
12810,-0.0763,0.1140,3.0443,0min0sec
12820,-0.0763,0.1139,3.0442,0min0sec
12830,-0.0762,0.1138,3.0441,0min0sec
12840,-0.0761,0.1137,3.0441,0min0sec
12850,-0.0761,0.1137,3.0440,0min0sec
12860,-0.0760,0.1136,3.0439,0min0sec
12870,-0.0760,0.1135,3.0438,0min0sec
12880,-0.0759,0.1134,3.0437,0min0sec
12890,-0.0759,0.1134,3.0436,0min0sec
12900,-0.0758,0.1133,3.0435,0min0sec
12910,-0.0758,0.1132,3.0434,0min0sec
12920,-0.0757,0.1131,3.0433,0min0sec
12930,-0.0757,0.1131,3.0432,0min0sec
12940,-0.0756,0.1130,3.0431,0min0sec
12950,-0.0756,0.1129,3.0430,0min0sec
12960,-0.0755,0.1128,3.0429,0min0sec
12970,-0.0755,0.1128,3.0428,0min0sec
12980,-0.0754,0.1127,3.0427,0min0sec
12990,-0.0754,0.1126,3.0426,0min0sec
